Indoor Temp,FanMode,Air Velocity,Indoor Humidity,Globe Temperature,SET*,User_1_Acceptance,User_2_Acceptance,User_4_Acceptance,User_5_Acceptance,User_6_Acceptance,User_7_Acceptance,User_9_Acceptance,User_10_Acceptance,User_12_Acceptance,User_13_Acceptance,User_14_Acceptance,User_16_Acceptance,User_17_Acceptance,User_18_Acceptance,User_19_Acceptance,User_20_Acceptance,User_21_Acceptance,User_22_Acceptance,User_23_Acceptance,User_24_Acceptance,User_25_Acceptance,User_26_Acceptance
22.0,0,0.07,50,22.0,20.4107032,0.05572168,0.16523972,0.24902976,0.40213242,0.21773367,0.30379522,0.16709782,0.14991158,0.19523287,0.05192867,0.21350889,0.27003083,0.21328862,0.23723125,0.18731181,0.21842338,0.2307014,0.17837518,0.3126705,0.18475111,0.16606711,0.29227778
22.0,1,0.29,50,22.0,19.689093,0.55528516,0.0973767,0.2733929,0.16037394,0.13660787,0.10334581,0.1088062,0.25912383,0.13567358,0.55585235,0.27087688,0.15589324,0.52245736,0.053074658,0.13301632,0.1904857,0.101748265,0.33282024,0.11570528,0.09344862,0.37941203,0.10468196
22.0,2,0.58,50,22.0,18.11130066,0.0025895757,0.021997511,0.004560664,0.60567605,0.10356792,0.18718033,0.012198064,0.002814594,0.022494214,0.035535272,0.17333414,0.46850643,0.15988208,0.005102837,0.045565825,0.025521083,0.04710875,0.17170046,0.013787632,0.117175646,0.04803663,0.34216845
22.0,3,0.94,50,22.0,17.01714963,0.00012523509,0.01562374,0.00654237,0.8185298,0.3239101,0.42869985,0.21195447,0.0010627722,0.14017661,0.059898276,0.3955085,0.8319035,0.62540895,0.009178384,0.0501941,0.03261728,0.046391647,0.4908801,0.06071955,0.32728532,0.058101583,0.51838875
22.0,4,1.37,50,22.0,16.18569635,0.00082762045,0.03569844,0.01812919,0.79511553,0.38013005,0.46796933,0.6036863,0.0038414607,0.33053175,0.9113806,0.24309118,0.85883635,0.57768434,0.2233714,0.13761514,0.0509696,0.16700172,0.5204677,0.10042567,0.37137046,0.18340643,0.46297386
22.0,5,1.87,50,22.0,15.52256301,0.001794856,0.035980534,0.016088469,0.776617,0.34109673,0.4618723,0.6623079,0.0051303688,0.33580688,0.94463855,0.16511247,0.858537,0.56394255,0.29358456,0.15479924,0.059761032,0.15568851,0.47219804,0.102434486,0.38012287,0.18402724,0.43754148
22.5,0,0.07,50,22.5,20.934819,0.07611742,0.28454658,0.29895952,0.44449773,0.3669461,0.24310243,0.31061247,0.2818351,0.27847847,0.0478785,0.23079412,0.41925135,0.37497833,0.284405,0.27303398,0.23870237,0.32985988,0.22410448,0.4455866,0.33926317,0.22948676,0.38691342
22.5,1,0.29,50,22.5,20.22671468,0.63522726,0.2061147,0.66143876,0.43446574,0.32609662,0.15791555,0.31014124,0.6940096,0.1285161,0.576745,0.41515657,0.31940922,0.8047746,0.11227157,0.42374393,0.5793948,0.14861993,0.39781114,0.14100689,0.11075511,0.40038466,0.102643974
22.5,2,0.58,50,22.5,18.68567427,0.0024178838,0.010324877,0.010601957,0.55404544,0.07408189,0.1523791,0.0136293555,0.0021086547,0.028913498,0.0154999895,0.09620383,0.39401197,0.15424573,0.0053082802,0.020288507,0.03539066,0.017400242,0.097162895,0.014328879,0.11906753,0.01914903,0.21632288
22.5,3,0.94,50,22.5,17.62296289,0.00013244284,0.009490729,0.0068356767,0.80905145,0.2894849,0.39319754,0.12109336,0.0008486255,0.12511528,0.02817843,0.4387579,0.8024743,0.60571545,0.0056101806,0.033311803,0.045345813,0.029654378,0.47616625,0.050380785,0.30289748,0.042569656,0.4957302
22.5,4,1.37,50,22.5,16.81878355,0.0007085355,0.029647535,0.013469181,0.78869945,0.34648967,0.4478968,0.5753954,0.0027015482,0.32848766,0.91113305,0.22476037,0.8551774,0.56910616,0.15702537,0.12927203,0.043566,0.15921865,0.48469055,0.093138196,0.37067685,0.17119817,0.459324
22.5,5,1.87,50,22.5,16.1795392,0.0014945475,0.031235972,0.013926339,0.7685999,0.30905327,0.43550757,0.63659555,0.003809245,0.3265948,0.9455653,0.15320854,0.8538208,0.55405796,0.22492903,0.14322309,0.06025812,0.14490879,0.45580006,0.096495666,0.37344006,0.17004536,0.43378797
23.0,0,0.07,50,23.0,21.45670594,0.13020581,0.42846334,0.30073342,0.41148973,0.40188718,0.3023676,0.39570487,0.36962497,0.35771394,0.08651415,0.31435335,0.42641214,0.4158812,0.33079836,0.34106407,0.30824572,0.4082917,0.3856193,0.46717858,0.49868557,0.40156615,0.5097287
23.0,1,0.29,50,23.0,20.76121947,0.9136804,0.9143207,0.7131955,0.66006804,0.78208375,0.67914873,0.8756787,0.9374549,0.5485454,0.7061474,0.6688177,0.9353263,0.71666807,0.54866177,0.8841092,0.9544101,0.79135203,0.7731927,0.5861544,0.761838,0.8508573,0.65090436
23.0,2,0.58,50,23.0,19.2549547,0.013047961,0.021754608,0.04666598,0.48346293,0.09936541,0.0616783,0.0088194115,0.008619841,0.01965945,0.01837075,0.19934666,0.39477298,0.1416129,0.018534705,0.022853376,0.06904308,0.024992475,0.077898264,0.022982806,0.06712144,0.03755517,0.10098204
23.0,3,0.94,50,23.0,18.22183405,0.00021030055,0.0072521395,0.010066191,0.7965584,0.26175827,0.352069,0.07286639,0.000958773,0.11083058,0.015253457,0.45797157,0.76326364,0.583802,0.0043852734,0.025731893,0.06189835,0.022026464,0.45839277,0.041281424,0.27875316,0.038906723,0.45159197
23.0,4,1.37,50,23.0,17.44352089,0.000607963,0.023574943,0.009450361,0.7801838,0.29930186,0.42168632,0.5388675,0.0021518841,0.32519087,0.9083376,0.21056718,0.8509553,0.5588011,0.08344257,0.11948865,0.03941454,0.14816447,0.45232213,0.08673968,0.36459693,0.15352434,0.45339122
23.0,5,1.87,50,23.0,16.82709176,0.0013825934,0.026728382,0.011854191,0.756313,0.27365932,0.4034408,0.60291487,0.0031386008,0.3162247,0.9461127,0.14251973,0.8448066,0.5421071,0.14814728,0.13186015,0.062232733,0.13460529,0.4393816,0.09041815,0.36575413,0.15561822,0.426928
23.5,0,0.07,50,23.5,21.97591213,0.2054456,0.44738618,0.25369206,0.3285612,0.30897647,0.29078802,0.36304513,0.35554317,0.4341474,0.13669515,0.37907442,0.38056412,0.41371,0.27396563,0.34556198,0.3377525,0.41106555,0.47268665,0.45043865,0.4917976,0.49042395,0.5206964
23.5,1,0.29,50,23.5,21.29224299,0.9910598,0.99559814,0.7211301,0.6643391,0.74678993,0.7047436,0.9925966,0.98906547,0.6899538,0.7720321,0.7354536,0.93707997,0.6702612,0.6181428,0.9875007,0.81597155,0.99000007,0.9919839,0.86183375,0.9922158,0.6716892,0.98828846
23.5,2,0.58,50,23.5,19.81868426,0.06983352,0.09117949,0.13526489,0.38550445,0.17014737,0.05346257,0.01086038,0.038661774,0.014710077,0.10521341,0.35845575,0.38955545,0.20081122,0.06247766,0.07980298,0.15511166,0.07718731,0.1389113,0.066177405,0.058804274,0.093029045,0.14427714
23.5,3,0.94,50,23.5,18.81368418,0.00037777578,0.0071804007,0.019343406,0.7777984,0.2500166,0.3007562,0.048608657,0.0014909101,0.09234079,0.008958336,0.43067464,0.733555,0.5486578,0.004865812,0.021822691,0.076220706,0.020174092,0.39736244,0.033541735,0.24315988,0.053677842,0.40116808
23.5,4,1.37,50,23.5,18.05962121,0.00059700414,0.018621953,0.007015478,0.7656222,0.2448257,0.3835276,0.48373064,0.0019239896,0.31780267,0.8979443,0.19548655,0.8449289,0.54406255,0.03609034,0.10755009,0.037773203,0.13328308,0.4231577,0.0799358,0.3555317,0.13138586,0.43414655
23.5,5,1.87,50,23.5,17.46464671,0.0014034641,0.02275903,0.010160383,0.7394047,0.23916574,0.36628154,0.55003816,0.0027948143,0.3037944,0.9447887,0.13181522,0.8309274,0.5273667,0.07766649,0.12045611,0.065724455,0.12404957,0.4214207,0.083999395,0.35716626,0.1394555,0.4173762
24.0,0,0.07,50,24.0,22.4844195,0.22164051,0.4728161,0.27012348,0.20478511,0.26026237,0.2962385,0.2342412,0.34615603,0.44240263,0.16820182,0.41511273,0.25494385,0.44900477,0.21112287,0.30079925,0.3063317,0.31418493,0.48106456,0.3065085,0.48559833,0.5542515,0.46225405
24.0,1,0.29,50,24.0,21.81924277,0.96820503,0.99392605,0.69273347,0.36696294,0.5183589,0.7153532,0.77568865,0.93271637,0.51849586,0.6097705,0.6821976,0.57133085,0.6527658,0.44359437,0.89436084,0.6871862,0.98801994,0.97145885,0.69336534,0.99041253,0.6731324,0.98843783
24.0,2,0.58,50,24.0,20.37657244,0.40555343,0.23548849,0.31035948,0.38873258,0.27566478,0.14560688,0.028662158,0.17644762,0.03901817,0.46540323,0.5142285,0.46428546,0.32614672,0.12777795,0.24292164,0.27347055,0.16396706,0.2827262,0.1292447,0.15228397,0.19488794,0.30063555
24.0,3,0.94,50,24.0,19.39805314,0.0005549682,0.009132507,0.03250744,0.74934703,0.24024124,0.22248976,0.032859694,0.0023363782,0.066929676,0.00932363,0.42970338,0.71240234,0.4639381,0.0072689108,0.021025954,0.08940879,0.023599928,0.3457643,0.028477406,0.20681076,0.074295424,0.38104323
24.0,4,1.37,50,24.0,18.66690566,0.0007075058,0.015229195,0.0062847137,0.73800397,0.19028671,0.32569373,0.40208724,0.0019321976,0.302767,0.8695903,0.17696206,0.8320959,0.5202327,0.015733112,0.096446864,0.04027885,0.118181415,0.39300057,0.071998276,0.3395865,0.106500745,0.4111817
24.0,5,1.87,50,24.0,18.09189818,0.0015567829,0.020008907,0.008834378,0.71215343,0.20404845,0.31436405,0.4712669,0.0026251245,0.28647596,0.93506426,0.12029637,0.80495524,0.5092302,0.034439784,0.10907649,0.071098,0.11232439,0.40104434,0.07718948,0.34446415,0.121786684,0.4021785
24.5,0,0.07,50,24.5,22.9939457,0.27006784,0.4237961,0.35026988,0.16392733,0.23986395,0.3463578,0.08750572,0.34552667,0.3676382,0.22305012,0.5424385,0.18175058,0.519242,0.19597577,0.33358803,0.21835566,0.16729224,0.46737552,0.12895517,0.40053296,0.57742715,0.26615402
24.5,1,0.29,50,24.5,22.33087837,0.6855621,0.82467604,0.56635123,0.16045749,0.42399213,0.6826601,0.3191567,0.7716091,0.4199772,0.41729093,0.41860414,0.22415896,0.53032994,0.37657413,0.71859336,0.5496256,0.51094955,0.70462567,0.216163,0.76613957,0.68218404,0.6842413
24.5,2,0.58,50,24.5,20.92809918,0.70472616,0.4412698,0.40540668,0.33937815,0.31726015,0.26777425,0.08948728,0.36400393,0.09929963,0.49477497,0.58460975,0.41772476,0.40209076,0.17816104,0.44486955,0.33337012,0.29548886,0.41108966,0.21914758,0.31419,0.30059612,0.48522958
24.5,3,0.94,50,24.5,19.97450335,0.0007390319,0.014246088,0.044401348,0.67583257,0.22575913,0.15131664,0.022574143,0.0035686053,0.039067946,0.015380477,0.4348217,0.6868649,0.3458844,0.011900376,0.023568437,0.1043371,0.033207323,0.33459985,0.026417645,0.17713714,0.08928869,0.36750975
24.5,4,1.37,50,24.5,19.26493094,0.0009737224,0.012893003,0.0061863703,0.6928878,0.1451637,0.24675633,0.28425416,0.002204734,0.26603928,0.7640036,0.13843144,0.79801565,0.48829475,0.009074559,0.08486995,0.045724783,0.10275996,0.36075905,0.06354799,0.318672,0.08455098,0.389431
24.5,5,1.87,50,24.5,18.70872402,0.001821099,0.01755877,0.008008313,0.67028904,0.1688398,0.24481082,0.37427735,0.002639972,0.24754675,0.9160648,0.108009934,0.76244086,0.4857371,0.016594304,0.09709387,0.07983499,0.09864337,0.37617874,0.06974916,0.32535768,0.10309363,0.3825698
25.0,0,0.07,50,25.0,23.50502761,0.37826088,0.31390873,0.44663444,0.20027284,0.17677523,0.36787567,0.06135024,0.32498947,0.255552,0.33203718,0.589311,0.2370305,0.6148391,0.15634425,0.38551998,0.15491158,0.10272804,0.32281998,0.14472307,0.27397713,0.52215004,0.20524587
25.0,1,0.29,50,25.0,22.82771733,0.29319414,0.464591,0.20654874,0.16170096,0.26924285,0.42258382,0.1705035,0.3796004,0.37949976,0.29396656,0.2773495,0.17054488,0.11578538,0.22371346,0.51069266,0.33809233,0.25444233,0.39091817,0.19564164,0.38687035,0.47868553,0.33821845
25.0,2,0.58,50,25.0,21.472584,0.71655434,0.53070855,0.46780935,0.21825135,0.31076428,0.35282612,0.12567012,0.40321362,0.123335235,0.42912984,0.59998393,0.24114971,0.40148807,0.18881357,0.5116735,0.33970454,0.34259772,0.47575393,0.23596613,0.3478572,0.39007106,0.56678754
25.0,3,0.94,50,25.0,20.54250534,0.0010501207,0.022729382,0.05139421,0.49575853,0.20400822,0.10813725,0.017623128,0.005396964,0.020921065,0.0276882,0.44983175,0.6357269,0.23865165,0.018605929,0.031237341,0.11740828,0.04660995,0.3471901,0.027436772,0.15825187,0.093281455,0.3322713
25.0,4,1.37,50,25.0,19.85306467,0.0015107511,0.011203487,0.0065467753,0.591623,0.113050915,0.18183374,0.20384772,0.0027698462,0.20097989,0.48730728,0.10183605,0.6741622,0.4327725,0.006944954,0.072470285,0.053677768,0.08692024,0.32329795,0.054985482,0.29655376,0.06471566,0.36497268
25.0,5,1.87,50,25.0,19.31450558,0.0022235299,0.015504909,0.007523948,0.58071816,0.13777623,0.18411092,0.26423478,0.0028003268,0.19070657,0.8499492,0.088104926,0.70202357,0.4513298,0.00995304,0.08432207,0.090762615,0.08347207,0.34337592,0.061900888,0.3006594,0.084552,0.361926
25.5,0,0.07,50,25.5,24.01821575,0.5110344,0.32185328,0.50638074,0.3269728,0.21606188,0.44411135,0.082361884,0.311592,0.18393831,0.40064988,0.64608294,0.31160328,0.7239869,0.24690028,0.41724133,0.20018856,0.11781735,0.33486402,0.22170115,0.2888699,0.5778963,0.25927863
25.5,1,0.29,50,25.5,23.32694447,0.012905928,0.17522724,0.14605309,0.34169784,0.14040552,0.15298127,0.15079965,0.09022141,0.28283495,0.03240555,0.13751495,0.19610973,0.057184715,0.15493578,0.122496404,0.22649626,0.21662654,0.34175822,0.23128821,0.18877275,0.23845486,0.22009782
25.5,2,0.58,50,25.5,22.00896573,0.6692566,0.4649025,0.5204222,0.18083517,0.28534487,0.25164184,0.09894394,0.40140662,0.08848861,0.36724713,0.58849853,0.17925139,0.3083329,0.15006296,0.41010615,0.3140243,0.2607862,0.46203294,0.18352579,0.25517115,0.40342662,0.48700294
25.5,3,0.94,50,25.5,21.10145941,0.0016896037,0.033964124,0.055272717,0.33204374,0.178037,0.079575635,0.013472003,0.008557968,0.012219392,0.05686694,0.42935243,0.46696296,0.16824101,0.025910014,0.041128308,0.12423507,0.05728784,0.34018907,0.028746048,0.14764844,0.09137187,0.2833082
25.5,4,1.37,50,25.5,20.43102963,0.0024678991,0.010237222,0.0067493618,0.43065432,0.08969589,0.1328213,0.14960106,0.0036329061,0.11793464,0.18580674,0.07731935,0.44197726,0.28124455,0.005993057,0.0604821,0.06423303,0.06945066,0.27454796,0.04660056,0.2736791,0.044943005,0.33238018
25.5,5,1.87,50,25.5,19.90867457,0.0028536571,0.01371294,0.007203745,0.44881305,0.11137148,0.13841274,0.20069444,0.0030738206,0.1214923,0.6706297,0.048863616,0.58801913,0.4041865,0.0075018276,0.072163515,0.1052109,0.06733772,0.29941925,0.053788725,0.27431285,0.06594699,0.34040615
26.0,0,0.07,50,26.0,24.53324108,0.5788495,0.4238988,0.60808104,0.4524816,0.3345933,0.59402746,0.13009289,0.37217858,0.2633096,0.46757278,0.673882,0.39993277,0.8071077,0.3186177,0.47925314,0.2991524,0.20371914,0.32052344,0.34527087,0.40165398,0.67452216,0.323844
26.0,1,0.29,50,26.0,23.82854459,0.006853668,0.20140868,0.14343835,0.34913537,0.18276225,0.17829001,0.36193696,0.009503719,0.25743446,0.008609558,0.10701745,0.28668877,0.18719225,0.28775513,0.12481913,0.42006838,0.39872146,0.23770748,0.36193195,0.24898358,0.1824069,0.36254534
26.0,2,0.58,50,26.0,22.50092064,0.63621646,0.36959037,0.5202543,0.1556911,0.2509461,0.20709689,0.08350274,0.40302595,0.08638376,0.3161368,0.5613404,0.15063445,0.3019978,0.12501349,0.36057946,0.30375192,0.1988725,0.40869603,0.15460666,0.19898368,0.328944,0.33373567
26.0,3,0.94,50,26.0,21.65035065,0.0036452906,0.044734698,0.05735187,0.21339615,0.16129614,0.058406416,0.009454609,0.013916086,0.010282293,0.11945826,0.38040912,0.2535902,0.12723535,0.030061645,0.04612704,0.12521446,0.062219847,0.34636697,0.02848818,0.1368566,0.088175185,0.22721565
26.0,4,1.37,50,26.0,20.99786431,0.004110377,0.010183927,0.007177398,0.3045735,0.077601574,0.097490214,0.09623284,0.004900094,0.06179884,0.08166013,0.065762736,0.29906055,0.16058521,0.0056697107,0.050953228,0.07973153,0.05257975,0.20274854,0.039353322,0.23848176,0.034688707,0.29430914
26.0,5,1.87,50,26.0,20.49091151,0.0038852112,0.012375829,0.0069866795,0.342996,0.0917693,0.10487151,0.14468889,0.003449838,0.072905295,0.35808268,0.033855006,0.32293448,0.29219493,0.00639512,0.06159478,0.12710093,0.052041244,0.25120902,0.046438172,0.24620657,0.04648882,0.31747326
26.5,0,0.07,50,26.5,25.04991076,0.69503194,0.45769587,0.7168524,0.5457359,0.425988,0.68243027,0.17593133,0.52052027,0.35955703,0.5723604,0.70917434,0.4560759,0.8438105,0.39553538,0.5613937,0.32225466,0.2406696,0.30336007,0.45846462,0.45257905,0.7324329,0.35451093
26.5,1,0.29,50,26.5,24.33221479,0.012925015,0.22054796,0.13938998,0.46775892,0.32969135,0.23760699,0.32138264,0.040554527,0.38397992,0.012789569,0.23113073,0.47983813,0.32471547,0.3325997,0.16354448,0.41841686,0.36087456,0.40329483,0.37190664,0.40629676,0.26877466,0.46568456
26.5,2,0.58,50,26.5,22.98664822,0.58602667,0.28974077,0.5055405,0.13065709,0.2149384,0.20740174,0.06812256,0.394662,0.07646826,0.27222073,0.52308995,0.13597918,0.32192552,0.12672208,0.36591125,0.26952842,0.15676403,0.36766848,0.13560791,0.17859964,0.2858884,0.27930793
26.5,3,0.94,50,26.5,22.18229568,0.010146026,0.054737788,0.057163898,0.15098475,0.14490262,0.0516725,0.008851643,0.020657683,0.010992047,0.18674915,0.3323047,0.16792302,0.09680047,0.03167222,0.051776063,0.124210484,0.0650014,0.3443551,0.031090682,0.121897995,0.087723486,0.21231283
26.5,4,1.37,50,26.5,21.55288998,0.006864671,0.010465744,0.0078077014,0.22400455,0.07243591,0.07171974,0.058063146,0.00661928,0.036251314,0.07005192,0.06311422,0.22257788,0.12295779,0.0056934613,0.043095797,0.100870155,0.039633054,0.16588117,0.032926388,0.19776268,0.028581666,0.2549067
26.5,5,1.87,50,26.5,21.06032424,0.0057061207,0.0111839995,0.0068332236,0.26216602,0.08269177,0.08037516,0.09556813,0.0038723927,0.04989952,0.15335204,0.029402927,0.22417955,0.16166048,0.005856317,0.05300616,0.14858232,0.041719425,0.19152974,0.0397709,0.21712899,0.03468811,0.29370978
27.0,0,0.07,50,27.0,25.56822788,0.7934081,0.47339097,0.7729141,0.5838661,0.46498755,0.73688716,0.2739729,0.73282784,0.43609348,0.6608842,0.69148517,0.4985074,0.8463754,0.42002225,0.6153559,0.2845758,0.27153137,0.26485097,0.45038685,0.46889174,0.68732816,0.3762169
27.0,1,0.29,50,27.0,24.83819438,0.07581232,0.389891,0.15480505,0.52451116,0.44242755,0.25153574,0.41069922,0.26595783,0.54154545,0.050732136,0.34574732,0.66095275,0.5524013,0.35588446,0.3036163,0.45214963,0.5487899,0.5658698,0.49718443,0.48852742,0.3203353,0.60443896
27.0,2,0.58,50,27.0,23.47557613,0.5137624,0.28355798,0.45877305,0.117002465,0.20259577,0.24207492,0.053713772,0.40976715,0.059717074,0.24743061,0.4542474,0.14464623,0.32525453,0.14148457,0.36651334,0.26007724,0.144679,0.3499174,0.11372772,0.16178757,0.27789083,0.26371804
27.0,3,0.94,50,27.0,22.66082307,0.028999949,0.068119906,0.0574559,0.12828921,0.12610935,0.05462657,0.009133315,0.029667715,0.013171461,0.21992242,0.29365414,0.15293455,0.08518547,0.034865268,0.06459934,0.12549376,0.0677962,0.33828595,0.036628522,0.109366536,0.08901256,0.20372675
27.0,4,1.37,50,27.0,22.09444723,0.011393279,0.010699242,0.008714835,0.1755027,0.072332434,0.05385959,0.035434715,0.008133651,0.021779282,0.08228185,0.06682851,0.216883,0.09550965,0.0061146016,0.037007768,0.1250623,0.031648017,0.14514391,0.02728121,0.15679486,0.025668658,0.20947129
27.0,5,1.87,50,27.0,21.61614394,0.009121571,0.010425288,0.0067967535,0.21011288,0.080743216,0.06391996,0.062461678,0.0039553437,0.037514664,0.09635279,0.028800512,0.21568231,0.121201985,0.005717036,0.04603225,0.16268225,0.03486668,0.15352975,0.033764545,0.18746258,0.02816389,0.27016762
27.5,0,0.07,50,27.5,26.08812818,0.8548608,0.44838724,0.7928627,0.5376464,0.49186695,0.7410907,0.36199996,0.795579,0.4952574,0.75524384,0.68438154,0.5212041,0.82580084,0.38873717,0.607838,0.279137,0.29981986,0.2852335,0.38609183,0.44360137,0.66010004,0.3520523
27.5,1,0.29,50,27.5,25.34640368,0.32069033,0.56809956,0.32584932,0.5202672,0.48067364,0.38777196,0.5232625,0.45399347,0.5563918,0.28933918,0.5498257,0.6496951,0.5518317,0.35223785,0.5043177,0.5199165,0.66233855,0.57539517,0.55280215,0.5352066,0.39930654,0.6598983
27.5,2,0.58,50,27.5,23.96673525,0.40978718,0.28944218,0.41239858,0.13136363,0.23183733,0.3113418,0.04438771,0.42737576,0.052882995,0.21995813,0.39972186,0.20850886,0.35886812,0.1686427,0.3611093,0.28056774,0.1462471,0.3477815,0.09949478,0.15213786,0.31833407,0.3070512
27.5,3,0.94,50,27.5,23.14744484,0.07247849,0.075184196,0.06036571,0.118317485,0.11252249,0.06843301,0.009788746,0.039653882,0.015860356,0.24813811,0.27302563,0.15747978,0.08596835,0.036956172,0.0801607,0.12639226,0.069348164,0.32307917,0.039277587,0.1081698,0.08951052,0.1905516
27.5,4,1.37,50,27.5,22.57656696,0.018475052,0.011377898,0.009850822,0.13630877,0.07685381,0.04583506,0.022784388,0.009915854,0.015145876,0.10765928,0.07363984,0.24694054,0.07247147,0.0069725257,0.03225846,0.14639205,0.027925795,0.13317555,0.023092173,0.12979193,0.025051698,0.17113096
27.5,5,1.87,50,27.5,22.14850264,0.018766463,0.010103687,0.007025819,0.17145646,0.08525503,0.055505294,0.041198652,0.004133011,0.028309608,0.08771237,0.031485416,0.23754072,0.09829983,0.006046668,0.040628243,0.17305891,0.031250264,0.13385119,0.029079497,0.15876125,0.025068605,0.2426735
28.0,0,0.07,50,28.0,26.60971049,0.8737944,0.3992671,0.7751846,0.4831294,0.4918196,0.69069576,0.36781284,0.7966614,0.5415179,0.8025553,0.68265367,0.5681934,0.8073163,0.33712003,0.58656645,0.28702304,0.30096892,0.28294864,0.35372734,0.41421986,0.63696533,0.31743932
28.0,1,0.29,50,28.0,25.85691342,0.7196493,0.63700837,0.47113132,0.4503596,0.4981418,0.5035442,0.55526775,0.5081734,0.5775017,0.6730954,0.6941452,0.51914775,0.47221318,0.37538993,0.5822473,0.5424881,0.719522,0.59328526,0.58589536,0.60249305,0.4819859,0.7008067
28.0,2,0.58,50,28.0,24.46093062,0.3413906,0.3289175,0.38686666,0.17810707,0.2720636,0.36525062,0.04668944,0.4546971,0.06616961,0.18759756,0.4143375,0.28800973,0.38037273,0.19714437,0.3953794,0.30277467,0.17447229,0.40341055,0.11739087,0.1768382,0.4470278,0.38486195
28.0,3,0.94,50,28.0,23.63717371,0.15482233,0.07733642,0.062439945,0.11147078,0.10599261,0.095267944,0.01085743,0.053619217,0.018703425,0.30360633,0.2571145,0.17619884,0.09157134,0.039458953,0.0880953,0.13013409,0.07434467,0.30309522,0.042735457,0.11129036,0.09095457,0.17938988
28.0,4,1.37,50,28.0,23.06578178,0.030930743,0.012694977,0.011341746,0.11028273,0.08654818,0.04611809,0.015787406,0.012217456,0.012200915,0.13853855,0.080973774,0.3432376,0.056884404,0.008529075,0.029001052,0.15902084,0.02853637,0.12470534,0.020815978,0.11302849,0.027491473,0.14447373
28.0,5,1.87,50,28.0,22.63639023,0.053671315,0.010276936,0.007649639,0.1413993,0.09660176,0.054279935,0.028145643,0.0045025614,0.020661652,0.09646845,0.037853148,0.30160856,0.08011337,0.0070308833,0.03683883,0.18596816,0.030719742,0.12255341,0.026025318,0.13933343,0.024764834,0.22246635
28.5,0,0.07,50,28.5,27.1328243,0.8813594,0.37352848,0.76230174,0.47556973,0.46281734,0.6717445,0.3455267,0.78693074,0.5865574,0.8275051,0.7086961,0.6255176,0.8027592,0.31282812,0.60446674,0.288308,0.28417945,0.2929523,0.34423578,0.44935894,0.6182316,0.3596166
28.5,1,0.29,50,28.5,26.36973027,0.84877926,0.55018777,0.44957444,0.38789582,0.44452938,0.48206842,0.5007189,0.42771375,0.49445474,0.81538254,0.68439054,0.43493485,0.40891016,0.3743217,0.51997894,0.5223495,0.6539563,0.56944853,0.49808684,0.5927616,0.4937688,0.6702226
28.5,2,0.58,50,28.5,24.95832753,0.34033284,0.3414036,0.34573588,0.2312609,0.27287084,0.37081376,0.06567978,0.47288284,0.0892024,0.21087366,0.4331437,0.37114713,0.40382648,0.18283719,0.39850363,0.3007197,0.22680335,0.4695976,0.15821077,0.22509158,0.5047058,0.41944817
28.5,3,0.94,50,28.5,24.12964744,0.25254408,0.082064904,0.069128774,0.11196954,0.11254879,0.13371877,0.012089769,0.08571152,0.021730913,0.3998758,0.2453837,0.24506682,0.100967385,0.04545105,0.10057968,0.14251135,0.08318252,0.29181668,0.04775718,0.11508133,0.09767798,0.1830398
28.5,4,1.37,50,28.5,23.55832286,0.06290162,0.014984265,0.013741542,0.09927564,0.101155944,0.059329133,0.011983625,0.015123646,0.011796597,0.16892369,0.08290415,0.50200754,0.049421195,0.011390458,0.029043471,0.16884135,0.033876017,0.11935692,0.021314343,0.1057094,0.032321654,0.13700968
28.5,5,1.87,50,28.5,23.13027654,0.24743874,0.011225935,0.008902433,0.119788796,0.1158222,0.062259153,0.020054128,0.005228145,0.016661542,0.1150648,0.04841028,0.43825197,0.06586818,0.009205434,0.03486003,0.20174336,0.034279186,0.11842284,0.024920767,0.13005449,0.027438601,0.2121094
29.0,0,0.07,50,29.0,27.65747353,0.87365294,0.39216724,0.7580592,0.50478464,0.4699398,0.6722005,0.33285034,0.78117126,0.6266447,0.8091562,0.7403431,0.65778166,0.8172167,0.3197943,0.63320494,0.30271223,0.30154434,0.33935165,0.3637394,0.5009613,0.62477833,0.46725264
29.0,1,0.29,50,29.0,26.88486816,0.8040831,0.40941644,0.3916533,0.37367645,0.36756644,0.42252013,0.35935143,0.37162694,0.41062617,0.8054247,0.59289056,0.40836778,0.41812932,0.33388805,0.38648388,0.434196,0.5132531,0.49674,0.38806984,0.47846213,0.46395135,0.51525277
29.0,2,0.58,50,29.0,25.45906194,0.35426888,0.34918284,0.3803464,0.27682105,0.25629276,0.40063253,0.09654725,0.45741567,0.109071374,0.27201858,0.41946068,0.41620985,0.4263262,0.18335648,0.40983227,0.28944054,0.28261873,0.4953432,0.19826384,0.26925197,0.4991984,0.45328274
29.0,3,0.94,50,29.0,24.62575867,0.35949433,0.094809264,0.0794695,0.119261324,0.13435227,0.16958517,0.014189872,0.16278969,0.025876045,0.5402231,0.24368238,0.35011578,0.12482891,0.052384496,0.1210135,0.17144372,0.09469011,0.30235937,0.05426671,0.12143748,0.12719116,0.19696076
29.0,4,1.37,50,29.0,24.05391538,0.16691612,0.01920511,0.018119784,0.09942021,0.11963708,0.08679224,0.0103547,0.019211205,0.013795485,0.20063393,0.08714831,0.59037966,0.04833901,0.016979018,0.03389448,0.17520292,0.04500687,0.12254775,0.025369093,0.10660291,0.04068538,0.15358746
29.0,5,1.87,50,29.0,23.62757438,0.38635615,0.013491164,0.011367488,0.10844358,0.14062439,0.08570253,0.014912893,0.0064774826,0.015583892,0.14734314,0.06478887,0.5625372,0.056638617,0.013824941,0.03531194,0.21995775,0.042618375,0.12223214,0.026393047,0.12698488,0.03421031,0.21324307
29.5,0,0.07,50,29.5,28.1836337,0.8473622,0.44923627,0.756371,0.54314446,0.5060789,0.6862941,0.3503414,0.7780368,0.6559795,0.76713353,0.758065,0.6852259,0.8300438,0.35325432,0.6578866,0.3359231,0.34731433,0.3944091,0.39853498,0.5334724,0.6377123,0.54658407
29.5,1,0.29,50,29.5,27.40233952,0.7102403,0.32699132,0.3863398,0.3637921,0.3196674,0.36815944,0.30605164,0.34287512,0.37886596,0.74984974,0.5057484,0.41066313,0.43859157,0.28388155,0.3329119,0.35177442,0.39042792,0.3999288,0.33473918,0.3927654,0.41518316,0.3987058
29.5,2,0.58,50,29.5,25.96299109,0.40024814,0.39240944,0.4650589,0.34401512,0.2757052,0.4629836,0.13147499,0.4708031,0.14349513,0.34119013,0.40427768,0.55205774,0.44575655,0.19070518,0.4460782,0.32256666,0.32435796,0.5212038,0.24804448,0.31789175,0.5094661,0.4831835
29.5,3,0.94,50,29.5,25.12550164,0.45885494,0.11003068,0.09435371,0.13029544,0.148286,0.21150935,0.01755877,0.29003194,0.031389866,0.63954943,0.24669798,0.41641453,0.16210873,0.058602314,0.14327662,0.17446418,0.10728683,0.33366725,0.0636521,0.13577221,0.1806044,0.20790179
29.5,4,1.37,50,29.5,24.55322284,0.2720522,0.027226746,0.02613887,0.11010926,0.13629563,0.13278632,0.010332708,0.025866983,0.018726861,0.24378107,0.09356636,0.6374436,0.053584676,0.02664475,0.046029806,0.18296354,0.06373239,0.1347124,0.034713257,0.119268775,0.05350074,0.18613851
29.5,5,1.87,50,29.5,24.12835628,0.64796966,0.018194474,0.016010564,0.10774922,0.17370357,0.12815619,0.011808983,0.008877595,0.017039277,0.19280149,0.08488917,0.60676116,0.05296923,0.022284774,0.040429953,0.24754702,0.05662398,0.13542889,0.031906415,0.1285093,0.0463945,0.23131387
30.0,0,0.07,50,30.0,28.71126182,0.818556,0.5084173,0.7571247,0.600483,0.560082,0.70018286,0.39368263,0.77661926,0.66437715,0.72584254,0.7766855,0.7156276,0.83835673,0.40969834,0.6848585,0.39690253,0.41016468,0.457085,0.45678517,0.57500434,0.6692564,0.6091647
30.0,1,0.29,50,30.0,27.9221571,0.60727465,0.30283055,0.40727094,0.3584911,0.29060778,0.34823933,0.28174266,0.33628264,0.3149123,0.6537667,0.44883546,0.43401513,0.48852506,0.25542793,0.33191535,0.31466517,0.33730927,0.34679833,0.31642482,0.35118237,0.38642058,0.3601319
30.0,2,0.58,50,30.0,26.47043557,0.42669216,0.45848998,0.5388047,0.5501651,0.3297993,0.5370719,0.1925999,0.47322607,0.20361827,0.35025227,0.42870054,0.70530033,0.49297264,0.20553513,0.49959025,0.3845668,0.41620752,0.5619435,0.35520685,0.43968225,0.50113744,0.54337436
30.0,3,0.94,50,30.0,25.62904358,0.54523677,0.12158642,0.118677236,0.14627184,0.1398099,0.26245466,0.022518316,0.4062961,0.038478527,0.7284293,0.24800456,0.48906675,0.20955808,0.062420607,0.16409293,0.1570291,0.12190303,0.37282267,0.07671272,0.15769593,0.22896777,0.21406288
30.0,4,1.37,50,30.0,25.05646889,0.44183508,0.04263984,0.04171299,0.12932934,0.16079263,0.19586027,0.012015549,0.037638754,0.027843399,0.29345086,0.10187336,0.6685427,0.06617194,0.041299377,0.06804059,0.19814771,0.09438223,0.1565891,0.05149469,0.14502433,0.07230515,0.24252029
30.0,5,1.87,50,30.0,24.63294475,0.7648805,0.028060518,0.024823865,0.11467138,0.22222523,0.17205817,0.010593403,0.013790723,0.021598272,0.22515388,0.1097495,0.6292671,0.055349812,0.035556305,0.05300973,0.28064346,0.07910508,0.15909111,0.042268038,0.13875502,0.06341455,0.2728701
